github.com/LimeChain/Hederium,https://github.com/LimeChain/Hederium/blob/HEAD/LICENSE,Apache-2.0
github.com/VictoriaMetrics/fastcache,https://github.com/VictoriaMetrics/fastcache/blob/v1.12.2/LICENSE,MIT
github.com/beorn7/perks/quantile,https://github.com/beorn7/perks/blob/v1.0.1/LICENSE,MIT
github.com/bits-and-blooms/bitset,https://github.com/bits-and-blooms/bitset/blob/v1.13.0/LICENSE,BSD-3-Clause
github.com/btcsuite/btcd/btcec/v2,https://github.com/btcsuite/btcd/blob/btcec/v2.3.4/btcec/LICENSE,ISC
github.com/cespare/xxhash/v2,https://github.com/cespare/xxhash/blob/v2.3.0/LICENSE.txt,MIT
github.com/consensys/bavard,https://github.com/consensys/bavard/blob/v0.1.13/LICENSE,Apache-2.0
github.com/consensys/gnark-crypto,https://github.com/consensys/gnark-crypto/blob/v0.12.1/LICENSE,Apache-2.0
github.com/crate-crypto/go-ipa,https://github.com/crate-crypto/go-ipa/blob/b1e8a79f509c/LICENSE-APACHE,Apache-2.0
github.com/crate-crypto/go-kzg-4844,https://github.com/crate-crypto/go-kzg-4844/blob/v1.0.0/LICENSE,Apache-2.0
github.com/decred/dcrd/dcrec/secp256k1/v4,https://github.com/decred/dcrd/blob/dcrec/secp256k1/v4.3.0/dcrec/secp256k1/LICENSE,ISC
github.com/eko/gocache/lib/v4,https://github.com/eko/gocache/blob/lib/v4.2.0/lib/LICENSE,MIT
github.com/eko/gocache/store/go_cache/v4,https://github.com/eko/gocache/blob/store/go_cache/v4.2.2/store/go_cache/LICENSE,MIT
github.com/ethereum/go-ethereum,https://github.com/ethereum/go-ethereum/blob/v1.14.12/COPYING,GPL-3.0
github.com/ethereum/go-ethereum/crypto/bn256,https://github.com/ethereum/go-ethereum/blob/v1.14.12/crypto/bn256/LICENSE,BSD-3-Clause
github.com/ethereum/go-ethereum/crypto/bn256/cloudflare,https://github.com/ethereum/go-ethereum/blob/v1.14.12/crypto/bn256/cloudflare/LICENSE,BSD-3-Clause
github.com/ethereum/go-ethereum/crypto/secp256k1,https://github.com/ethereum/go-ethereum/blob/v1.14.12/crypto/secp256k1/LICENSE,BSD-3-Clause
github.com/ethereum/go-ethereum/metrics,https://github.com/ethereum/go-ethereum/blob/v1.14.12/metrics/LICENSE,BSD-2-Clause-FreeBSD
github.com/ethereum/go-verkle,https://github.com/ethereum/go-verkle/blob/dffa7562dbe9/LICENSE,Unlicense
github.com/fsnotify/fsnotify,https://github.com/fsnotify/fsnotify/blob/v1.8.0/LICENSE,BSD-3-Clause
github.com/gabriel-vasile/mimetype,https://github.com/gabriel-vasile/mimetype/blob/v1.4.3/LICENSE,MIT
github.com/gin-contrib/sse,https://github.com/gin-contrib/sse/blob/v0.1.0/LICENSE,MIT
github.com/gin-gonic/gin,https://github.com/gin-gonic/gin/blob/v1.10.0/LICENSE,MIT
github.com/go-playground/locales,https://github.com/go-playground/locales/blob/v0.14.1/LICENSE,MIT
github.com/go-playground/universal-translator,https://github.com/go-playground/universal-translator/blob/v0.18.1/LICENSE,MIT
github.com/go-playground/validator/v10,https://github.com/go-playground/validator/blob/v10.20.0/LICENSE,MIT
github.com/go-viper/mapstructure/v2,https://github.com/go-viper/mapstructure/blob/v2.2.1/LICENSE,MIT
github.com/gofrs/flock,https://github.com/gofrs/flock/blob/v0.8.1/LICENSE,BSD-3-Clause
github.com/golang/mock/gomock,https://github.com/golang/mock/blob/v1.6.0/LICENSE,Apache-2.0
github.com/golang/snappy,https://github.com/golang/snappy/blob/fa5810519dcb/LICENSE,BSD-3-Clause
github.com/hashgraph/hedera-sdk-go/v2,https://github.com/hashgraph/hedera-sdk-go/blob/v2.51.0/LICENSE,Apache-2.0
github.com/holiman/bloomfilter/v2,Unknown,Unknown
github.com/holiman/uint256,https://github.com/holiman/uint256/blob/v1.3.1/COPYING,BSD-3-Clause
github.com/json-iterator/go,https://github.com/json-iterator/go/blob/v1.1.12/LICENSE,MIT
github.com/leodido/go-urn,https://github.com/leodido/go-urn/blob/v1.4.0/LICENSE,MIT
github.com/mattn/go-colorable,https://github.com/mattn/go-colorable/blob/v0.1.13/LICENSE,MIT
github.com/mattn/go-isatty,https://github.com/mattn/go-isatty/blob/v0.0.20/LICENSE,MIT
github.com/mattn/go-runewidth,https://github.com/mattn/go-runewidth/blob/v0.0.13/LICENSE,MIT
github.com/mitchellh/mapstructure,https://github.com/mitchellh/mapstructure/blob/v1.5.0/LICENSE,MIT
github.com/mmcloughlin/addchain,https://github.com/mmcloughlin/addchain/blob/v0.4.0/LICENSE,BSD-3-Clause
github.com/modern-go/concurrent,https://github.com/modern-go/concurrent/blob/bacd9c7ef1dd/LICENSE,Apache-2.0
github.com/modern-go/reflect2,https://github.com/modern-go/reflect2/blob/v1.0.2/LICENSE,Apache-2.0
github.com/olekukonko/tablewriter,https://github.com/olekukonko/tablewriter/blob/v0.0.5/LICENSE.md,MIT
github.com/patrickmn/go-cache,https://github.com/patrickmn/go-cache/blob/v2.1.0/LICENSE,MIT
github.com/pelletier/go-toml/v2,https://github.com/pelletier/go-toml/blob/v2.2.3/LICENSE,MIT
github.com/pkg/errors,https://github.com/pkg/errors/blob/v0.9.1/LICENSE,BSD-2-Clause
github.com/prometheus/client_golang/prometheus,https://github.com/prometheus/client_golang/blob/v1.19.0/LICENSE,Apache-2.0
github.com/prometheus/client_model/go,https://github.com/prometheus/client_model/blob/v0.6.1/LICENSE,Apache-2.0
github.com/prometheus/common,https://github.com/prometheus/common/blob/v0.52.3/LICENSE,Apache-2.0
github.com/prometheus/common/internal/bitbucket.org/ww/goautoneg,https://github.com/prometheus/common/blob/v0.52.3/internal/bitbucket.org/ww/goautoneg/README.txt,BSD-3-Clause
github.com/prometheus/procfs,https://github.com/prometheus/procfs/blob/v0.13.0/LICENSE,Apache-2.0
github.com/rivo/uniseg,https://github.com/rivo/uniseg/blob/v0.2.0/LICENSE.txt,MIT
github.com/rs/zerolog,https://github.com/rs/zerolog/blob/v1.33.0/LICENSE,MIT
github.com/sagikazarmark/locafero,https://github.com/sagikazarmark/locafero/blob/v0.7.0/LICENSE,MIT
github.com/shirou/gopsutil,https://github.com/shirou/gopsutil/blob/c7a38de76ee5/LICENSE,BSD-3-Clause
github.com/sourcegraph/conc,https://github.com/sourcegraph/conc/blob/v0.3.0/LICENSE,MIT
github.com/spf13/afero,https://github.com/spf13/afero/blob/v1.12.0/LICENSE.txt,Apache-2.0
github.com/spf13/cast,https://github.com/spf13/cast/blob/v1.7.1/LICENSE,MIT
github.com/spf13/pflag,https://github.com/spf13/pflag/blob/v1.0.6/LICENSE,BSD-3-Clause
github.com/spf13/viper,https://github.com/spf13/viper/blob/v1.20.1/LICENSE,MIT
github.com/subosito/gotenv,https://github.com/subosito/gotenv/blob/v1.6.0/LICENSE,MIT
github.com/thanhpk/randstr,https://github.com/thanhpk/randstr/blob/v1.0.6/LICENSE,MIT
github.com/tklauser/go-sysconf,https://github.com/tklauser/go-sysconf/blob/v0.3.12/LICENSE,BSD-3-Clause
github.com/tyler-smith/go-bip39,https://github.com/tyler-smith/go-bip39/blob/v1.1.0/LICENSE,MIT
github.com/ugorji/go/codec,https://github.com/ugorji/go/blob/codec/v1.2.12/codec/LICENSE,MIT
github.com/youmark/pkcs8,https://github.com/youmark/pkcs8/blob/1326539a0a0a/LICENSE,MIT
go.uber.org/mock/gomock,https://github.com/uber/mock/blob/v0.4.0/LICENSE,Apache-2.0
go.uber.org/multierr,https://github.com/uber-go/multierr/blob/v1.10.0/LICENSE.txt,MIT
go.uber.org/zap,https://github.com/uber-go/zap/blob/v1.27.0/LICENSE,MIT
golang.org/x/crypto,https://cs.opensource.google/go/x/crypto/+/v0.32.0:LICENSE,BSD-3-Clause
golang.org/x/exp,https://cs.opensource.google/go/x/exp/+/fe59bbe5:LICENSE,BSD-3-Clause
golang.org/x/net,https://cs.opensource.google/go/x/net/+/v0.33.0:LICENSE,BSD-3-Clause
golang.org/x/sync,https://cs.opensource.google/go/x/sync/+/v0.10.0:LICENSE,BSD-3-Clause
golang.org/x/sys,https://cs.opensource.google/go/x/sys/+/v0.29.0:LICENSE,BSD-3-Clause
golang.org/x/text,https://cs.opensource.google/go/x/text/+/v0.21.0:LICENSE,BSD-3-Clause
google.golang.org/genproto/googleapis/rpc/status,https://github.com/googleapis/go-genproto/blob/3abc09e42ca8/googleapis/rpc/LICENSE,Apache-2.0
google.golang.org/grpc,https://github.com/grpc/grpc-go/blob/v1.67.3/LICENSE,Apache-2.0
google.golang.org/protobuf,https://github.com/protocolbuffers/protobuf-go/blob/v1.36.1/LICENSE,BSD-3-Clause
gopkg.in/yaml.v3,https://github.com/go-yaml/yaml/blob/v3.0.1/LICENSE,MIT
rsc.io/tmplfunc,https://github.com/rsc/tmplfunc/blob/v0.0.3/LICENSE,BSD-3-Clause
